Workbook

Sheet Inputs
A1: DigMore Folding Mini Shovel - Capacity Model: Inputs & Assumptions
A2: Blue = input you can change; black = formula. Yellow = key assumption to confirm.
B3: Parameter | C3: Value | D3: Unit | E3: Note / source
B4: Annual demand | C4: 400000 | D4: shovels/yr | E4: 2026 brief
B5: Workdays per year | C5: 220 | D5: days | E5: 2026 brief
B6: Daily demand (good) | C6: =ROUNDUP(C4/C5,0) -> 1819 | D6: shovels/day | E6: rounded up
B7: Shift length | C7: 540 | D7: min | E7: 9 h shift (brief)
B8: Breaks | C8: 60 | D8: min | E8: 30 + 15 + 15 (brief)
B9: Effective time | C9: =C7-C8 -> 480 | D9: min/day | E9: shift - breaks
B10: Availability allowance | C10: 0.9 | D10: fraction | E10: designer assumption (setup, changeover, stoppages)
B11: Productive time / machine | C11: =C9*C10 -> 432 | D11: min/day | E11: effective x availability
B12: Takt time | C12: =ROUND(C9*60/C6,2) -> 15.83 | D12: s/shovel | E12: effective time / daily demand
B13: Scrap rate (cutting & stamping) | C13: 0.05 | D13: fraction | E13: 2026 brief (those two steps only)
B14: Yield | C14: =1-C13 -> 0.95 | D14: fraction | E14: 1 - scrap
B15: Pipes per cut | C15: 1 | D15: pipes | E15: designer assumption (bundle cutting raises this)
B16: Operators per machine | C16: 1 | D16: - | E16: designer assumption (baseline 1:1)
B17: Packaging cycle (assumed) | C17: 30 | D17: s/shovel | E17: designer assumption (brief: workstation-dependent)
B18: Tube stock length | C18: 6 | D18: m | E18: designer assumption (to verify with supplier)
B19: Handle section length | C19: 0.15 | D19: m | E19: 2026 brief (150 mm)
B20: Sections per tube | C20: =FLOOR(C18/C19,1) -> 40 | D20: sections | E20: stock length / section length (kerf ignored)
B21: Heat-treat cycle (assumed) | C21: 6 | D21: h | E21: T6 ageing 5-8 h; supplier-based (to verify)
B22: Powder line rate (assumed) | C22: 600 | D22: parts/h | E22: typical conveyor line; supplier-based (to verify)
B23: Coated items per shovel | C23: 3 | D23: items | E23: 2 handle sections + 1 head subassembly

Sheet Capacity
A1: Per-process capacity: machines and operators required
A2: Machines req. = roundup(process time / productive minutes). Operators at 1 per machine (Inputs). Times from the 2026 brief.
A3: Process | B3: Basis | C3: Units / shovel | D3: Scrap at step? | E3: Daily good | F3: Scrap factor | G3: Daily gross | H3: Pieces / op | I3: Operations / day | J3: Cycle time (s) | K3: Process time (min/day) | L3: Prod. min / machine | M3: Machines req. | N3: Utilisation | O3: Operators | P3: Note
A4: Cut handle | B4: per cut | C4: 2 | D4: Yes | E4: =Inputs!$C$6*C4 -> 3638 | F4: =IF(D4="Yes",1/Inputs!$C$14,1) -> 1.0526316 | G4: =E4*F4 -> 3829.4737 | H4: =Inputs!$C$15 -> 1 | I4: =G4/H4 -> 3829.4737 | J4: 15 | K4: =I4*J4/60 -> 957.36842 | L4: =Inputs!$C$11 -> 432 | M4: =ROUNDUP(K4/L4,0) -> 3 | N4: =K4/(M4*L4) -> 0.7387102 | O4: =M4*Inputs!$C$16 -> 3 | P4: 5% scrap; pipes/cut from equipment
A5: Internal thread (middle handle) | B5: per pipe | C5: 1 | D5: No | E5: =Inputs!$C$6*C5 -> 1819 | F5: =IF(D5="Yes",1/Inputs!$C$14,1) -> 1 | G5: =E5*F5 -> 1819 | H5: 1 | I5: =G5/H5 -> 1819 | J5: 20 | K5: =I5*J5/60 -> 606.33333 | L5: =Inputs!$C$11 -> 432 | M5: =ROUNDUP(K5/L5,0) -> 2 | N5: =K5/(M5*L5) -> 0.70177469 | O5: =M5*Inputs!$C$16 -> 2 | P5: brief
A6: Stamp / form narrowed end (grip) | B6: per pipe | C6: 1 | D6: No | E6: =Inputs!$C$6*C6 -> 1819 | F6: =IF(D6="Yes",1/Inputs!$C$14,1) -> 1 | G6: =E6*F6 -> 1819 | H6: 1 | I6: =G6/H6 -> 1819 | J6: 5 | K6: =I6*J6/60 -> 151.58333 | L6: =Inputs!$C$11 -> 432 | M6: =ROUNDUP(K6/L6,0) -> 1 | N6: =K6/(M6*L6) -> 0.35088735 | O6: =M6*Inputs!$C$16 -> 1 | P6: brief
A7: Knurl + external thread (grip) | B7: per pipe | C7: 1 | D7: No | E7: =Inputs!$C$6*C7 -> 1819 | F7: =IF(D7="Yes",1/Inputs!$C$14,1) -> 1 | G7: =E7*F7 -> 1819 | H7: 1 | I7: =G7/H7 -> 1819 | J7: 60 | K7: =I7*J7/60 -> 1819 | L7: =Inputs!$C$11 -> 432 | M7: =ROUNDUP(K7/L7,0) -> 5 | N7: =K7/(M7*L7) -> 0.84212963 | O7: =M7*Inputs!$C$16 -> 5 | P7: brief; thread rolling can cut this
A8: Stamp shovel head | B8: per part | C8: 1 | D8: Yes | E8: =Inputs!$C$6*C8 -> 1819 | F8: =IF(D8="Yes",1/Inputs!$C$14,1) -> 1.0526316 | G8: =E8*F8 -> 1914.7368 | H8: 1 | I8: =G8/H8 -> 1914.7368 | J8: 2 | K8: =I8*J8/60 -> 63.824561 | L8: =Inputs!$C$11 -> 432 | M8: =ROUNDUP(K8/L8,0) -> 1 | N8: =K8/(M8*L8) -> 0.14774204 | O8: =M8*Inputs!$C$16 -> 1 | P8: 5% scrap
A9: Shape / bend shovel head | B9: per head | C9: 1 | D9: No | E9: =Inputs!$C$6*C9 -> 1819 | F9: =IF(D9="Yes",1/Inputs!$C$14,1) -> 1 | G9: =E9*F9 -> 1819 | H9: 1 | I9: =G9/H9 -> 1819 | J9: 2 | K9: =I9*J9/60 -> 60.633333 | L9: =Inputs!$C$11 -> 432 | M9: =ROUNDUP(K9/L9,0) -> 1 | N9: =K9/(M9*L9) -> 0.14035494 | O9: =M9*Inputs!$C$16 -> 1 | P9: brief
A10: Sharpen blade | B10: per shovel | C10: 1 | D10: No | E10: =Inputs!$C$6*C10 -> 1819 | F10: =IF(D10="Yes",1/Inputs!$C$14,1) -> 1 | G10: =E10*F10 -> 1819 | H10: 1 | I10: =G10/H10 -> 1819 | J10: 120 | K10: =I10*J10/60 -> 3638 | L10: =Inputs!$C$11 -> 432 | M10: =ROUNDUP(K10/L10,0) -> 9 | N10: =K10/(M10*L10) -> 0.93569959 | O10: =M10*Inputs!$C$16 -> 9 | P10: brief; main bottleneck
A11: Serrate edge | B11: per shovel | C11: 1 | D11: No | E11: =Inputs!$C$6*C11 -> 1819 | F11: =IF(D11="Yes",1/Inputs!$C$14,1) -> 1 | G11: =E11*F11 -> 1819 | H11: 1 | I11: =G11/H11 -> 1819 | J11: 60 | K11: =I11*J11/60 -> 1819 | L11: =Inputs!$C$11 -> 432 | M11: =ROUNDUP(K11/L11,0) -> 5 | N11: =K11/(M11*L11) -> 0.84212963 | O11: =M11*Inputs!$C$16 -> 5 | P11: brief
A12: Stamp hinge connector | B12: per part | C12: 1 | D12: Yes | E12: =Inputs!$C$6*C12 -> 1819 | F12: =IF(D12="Yes",1/Inputs!$C$14,1) -> 1.0526316 | G12: =E12*F12 -> 1914.7368 | H12: 1 | I12: =G12/H12 -> 1914.7368 | J12: 2 | K12: =I12*J12/60 -> 63.824561 | L12: =Inputs!$C$11 -> 432 | M12: =ROUNDUP(K12/L12,0) -> 1 | N12: =K12/(M12*L12) -> 0.14774204 | O12: =M12*Inputs!$C$16 -> 1 | P12: 5% scrap
A13: Bend hinge connector | B13: per part | C13: 1 | D13: No | E13: =Inputs!$C$6*C13 -> 1819 | F13: =IF(D13="Yes",1/Inputs!$C$14,1) -> 1 | G13: =E13*F13 -> 1819 | H13: 1 | I13: =G13/H13 -> 1819 | J13: 5 | K13: =I13*J13/60 -> 151.58333 | L13: =Inputs!$C$11 -> 432 | M13: =ROUNDUP(K13/L13,0) -> 1 | N13: =K13/(M13*L13) -> 0.35088735 | O13: =M13*Inputs!$C$16 -> 1 | P13: brief
A14: Rivet hinge to head | B14: per shovel | C14: 1 | D14: No | E14: =Inputs!$C$6*C14 -> 1819 | F14: =IF(D14="Yes",1/Inputs!$C$14,1) -> 1 | G14: =E14*F14 -> 1819 | H14: 1 | I14: =G14/H14 -> 1819 | J14: 5 | K14: =I14*J14/60 -> 151.58333 | L14: =Inputs!$C$11 -> 432 | M14: =ROUNDUP(K14/L14,0) -> 1 | N14: =K14/(M14*L14) -> 0.35088735 | O14: =M14*Inputs!$C$16 -> 1 | P14: brief
A15: Hand polish / deburr | B15: per head | C15: 1 | D15: No | E15: =Inputs!$C$6*C15 -> 1819 | F15: =IF(D15="Yes",1/Inputs!$C$14,1) -> 1 | G15: =E15*F15 -> 1819 | H15: 1 | I15: =G15/H15 -> 1819 | J15: 60 | K15: =I15*J15/60 -> 1819 | L15: =Inputs!$C$11 -> 432 | M15: =ROUNDUP(K15/L15,0) -> 5 | N15: =K15/(M15*L15) -> 0.84212963 | O15: =M15*Inputs!$C$16 -> 5 | P15: brief
A16: Final assembly | B16: per shovel | C16: 1 | D16: No | E16: =Inputs!$C$6*C16 -> 1819 | F16: =IF(D16="Yes",1/Inputs!$C$14,1) -> 1 | G16: =E16*F16 -> 1819 | H16: 1 | I16: =G16/H16 -> 1819 | J16: 30 | K16: =I16*J16/60 -> 909.5 | L16: =Inputs!$C$11 -> 432 | M16: =ROUNDUP(K16/L16,0) -> 3 | N16: =K16/(M16*L16) -> 0.70177469 | O16: =M16*Inputs!$C$16 -> 3 | P16: brief
A17: Packaging (hand, + visual check) | B17: per shovel | C17: 1 | D17: No | E17: =Inputs!$C$6*C17 -> 1819 | F17: =IF(D17="Yes",1/Inputs!$C$14,1) -> 1 | G17: =E17*F17 -> 1819 | H17: 1 | I17: =G17/H17 -> 1819 | J17: =Inputs!$C$17 -> 30 | K17: =I17*J17/60 -> 909.5 | L17: =Inputs!$C$11 -> 432 | M17: =ROUNDUP(K17/L17,0) -> 3 | N17: =K17/(M17*L17) -> 0.70177469 | O17: =M17*Inputs!$C$16 -> 3 | P17: cycle is a designer assumption
A18: TOTAL (line processes) | M18: =SUM(M4:M17) -> 41 | O18: =SUM(O4:O17) -> 41

Sheet Equipment-dep
A1: Equipment-dependent processes (no brief cycle time)
A3: Powder coating (conveyorised line, enclosed)
A5: Coated items per day | B5: =Inputs!$C$6*Inputs!$C$23 -> 5457 | C5: items/day
A6: Assumed line rate | B6: =Inputs!$C$22 -> 600 | C6: parts/h
A7: Hours needed | B7: =B5/B6 -> 9.095 | C7: h/day
A8: Productive hours / shift | B8: =Inputs!$C$11/60 -> 7.2 | C8: h
A9: Powder lines required | B9: =ROUNDUP(B7/B8,0) -> 2 | C9: lines
A11: Note: at the assumed 600 parts/h the line exceeds one shift; a faster line (about 760 parts/h) or a second line is required. Supplier-based; to verify.
A13: Heat treatment (T6 ageing, batch oven)
A14: Subassemblies per day | B14: =Inputs!$C$6 -> 1819 | C14: items/day
A15: Assumed cycle | B15: =Inputs!$C$21 -> 6 | C15: h/batch
A16: Batches within shift | B16: =ROUNDDOWN(Inputs!$C$9/(Inputs!$C$21*60),0) -> 1 | C16: batches
A17: Batch size needed (1 oven) | B17: =ROUNDUP(B14/MAX(B16,1),0) -> 1819 | C17: items/batch
A19: Note: 1 ageing oven sized to about one day of subassemblies, cycle 5-8 h; oven runs across/after the shift. Supplier-based; to verify.
A21: Sandblasting (enclosed booth / cabinet)
A22: Heads per day | B22: =Inputs!$C$6 -> 1819 | C22: items/day
A23: Throughput and booth count: supplier-based estimate required (to verify).

Sheet Materials
A1: Raw material throughput (storage 3D sizing in a later section)
A3: Aluminium round tube
A4: Sections per shovel | B4: 2 | C4: sections
A5: Good sections per day | B5: =Inputs!$C$6*B4 -> 3638 | C5: sections/day
A6: Gross sections per day (scrap) | B6: =B5/Inputs!$C$14 -> 3829.4737 | C6: sections/day
A7: Sections per 6 m tube | B7: =Inputs!$C$20 -> 40 | C7: sections
A8: Tubes per day | B8: =ROUNDUP(B6/B7,0) -> 96 | C8: tubes/day
A9: Tubes for 2 weeks (10 days) | B9: =B8*10 -> 960 | C9: tubes
A11: Aluminium sheet
A12: Blanks per shovel (head + hinge) | B12: 2 | C12: blanks
A13: Good blanks per day | B13: =Inputs!$C$6*B12 -> 3638 | C13: blanks/day
A14: Gross blanks per day (scrap) | B14: =B13/Inputs!$C$14 -> 3829.4737 | C14: blanks/day
A15: Sheets per day: to be determined from blank size and nesting (designer assumption).

Sheet Summary
A1: Capacity summary and bottlenecks
A3: Takt time (s/shovel) | B3: =Inputs!$C$12 -> 15.83
A4: Daily demand (shovels) | B4: =Inputs!$C$6 -> 1819
A5: Line machines / stations (total) | B5: =Capacity!M18 -> 41
A6: Line operators (total, 1:1) | B6: =Capacity!O18 -> 41
A7: Powder coating lines | B7: ='Equipment-dep'!B9 -> 2
A8: Heat-treat ovens (assumed) | B8: 1
A9: Sandblast booths (to verify) | B9: TBD
A11: Largest bottlenecks (machines/stations required):
A12: Sharpen blade | B12: =Capacity!M10 -> 9
A13: Knurl + external thread | B13: =Capacity!M7 -> 5
A14: Serrate edge | B14: =Capacity!M11 -> 5
A15: Hand polish / deburr | B15: =Capacity!M15 -> 5
A16: Final assembly | B16: =Capacity!M16 -> 3
A17: Packaging | B17: =Capacity!M17 -> 3
A18: Cut handle | B18: =Capacity!M4 -> 3
A20: Insight: the slow manual finishing steps (sharpen 2 min, knurl+thread 1 min, serrate 1 min, polish 1 min) dominate capacity. To meet demand, run parallel stations or adopt faster/automated equipment (thread rolling, automated grinding, bundle cutting).
